<?xml version="1.0" encoding="UTF-8"?>
<metadata xml:lang="de"><Esri><CreaDate>20160204</CreaDate><CreaTime>17525400</CreaTime><ArcGISFormat>1.0</ArcGISFormat><SyncOnce>TRUE</SyncOnce><DataProperties><itemProps><itemLocation><linkage Sync="TRUE">file://\\ZGIS25\E$\Florian\07_Lehre_Tutorien_Seminare\09_UNIGIS_MSc_2009\Aufgaben\Aufgabe6-1\2016\DatenFuerAufgabe\Salzburg_DGM.tif</linkage><protocol Sync="TRUE">Local Area Network</protocol></itemLocation></itemProps><copyHistory><copy source="E:\Florian\07_Lehre_Tutorien_Seminare\09_UNIGIS_MSc_2009\Aufgaben\Aufgabe6-1\2016\Daten\Salzburg_DGM.tif" dest="\\ZGIS25\E$\Florian\07_Lehre_Tutorien_Seminare\09_UNIGIS_MSc_2009\Aufgaben\Aufgabe6-1\2016\DatenFuerAufgabe\Salzburg_DGM.tif" date="20160204" time="17525400"></copy></copyHistory></DataProperties></Esri></metadata>
